{"cameraMode":{"drawMode":0,"name":"Shaded","section":"Shading Mode"},"sceneLighting":true,"audioPlay":false,"sceneViewState":{"showFog":true,"showMaterialUpdate":false,"showSkybox":true,"showFlares":true,"showImageEffects":true,"showParticleSystems":true},"in2DMode":false,"pivot":{"x":-22.19479751586914,"y":8.410666465759278,"z":-3.8669254779815676},"rotation":{"x":-0.18277543783187867,"y":-0.32983776926994326,"z":0.06525648385286331,"w":-0.923902153968811},"size":8.535632133483887,"orthographic":false}